<BackupInst xmlns="http://www.microsoft.com/GroupPolicy/GPOOperations/Manifest"><GPOGuid><![CDATA[{5D98193F-45C7-4BFF-896B-D038B43B9115}]]></GPOGuid><GPODomain><![CDATA[security.local]]></GPODomain><GPODomainGuid><![CDATA[{2b127034-e676-4f54-b03a-e700e3004cb0}]]></GPODomainGuid><GPODomainController><![CDATA[GPOSrv2016.security.local]]></GPODomainController><BackupTime><![CDATA[2020-07-10T16:29:39]]></BackupTime><ID><![CDATA[{B06065A3-714E-42B1-9DFC-1FB9877FCD1F}]]></ID><Comment><![CDATA[]]></Comment><GPODisplayName><![CDATA[DoD Word 2013 STIG User v1r6]]></GPODisplayName></BackupInst>
