<BackupInst xmlns="http://www.microsoft.com/GroupPolicy/GPOOperations/Manifest"><GPOGuid><![CDATA[{94D8A0EF-5130-43A8-A530-15329370DB78}]]></GPOGuid><GPODomain><![CDATA[security.local]]></GPODomain><GPODomainGuid><![CDATA[{2b127034-e676-4f54-b03a-e700e3004cb0}]]></GPODomainGuid><GPODomainController><![CDATA[GPOSrv2016.security.local]]></GPODomainController><BackupTime><![CDATA[2020-07-10T16:27:33]]></BackupTime><ID><![CDATA[{BBE03E9E-106D-4723-81F6-8C870F05E21E}]]></ID><Comment><![CDATA[]]></Comment><GPODisplayName><![CDATA[DoD Access 2016 STIG User v1r1]]></GPODisplayName></BackupInst>
