<BackupInst xmlns="http://www.microsoft.com/GroupPolicy/GPOOperations/Manifest"><GPOGuid><![CDATA[{84E0F5F8-5E6C-4D3D-9264-C05ADB2E1CB3}]]></GPOGuid><GPODomain><![CDATA[security.local]]></GPODomain><GPODomainGuid><![CDATA[{2b127034-e676-4f54-b03a-e700e3004cb0}]]></GPODomainGuid><GPODomainController><![CDATA[GPOSrv2016.security.local]]></GPODomainController><BackupTime><![CDATA[2020-06-10T14:01:33]]></BackupTime><ID><![CDATA[{B2A8B5ED-FCDA-4BD5-B0EC-37C37C9CF8D4}]]></ID><Comment><![CDATA[]]></Comment><GPODisplayName><![CDATA[DoD Windows 8 and 8.1 STIG User v1r22]]></GPODisplayName></BackupInst>
