<BackupInst xmlns="http://www.microsoft.com/GroupPolicy/GPOOperations/Manifest"><GPOGuid><![CDATA[{06044919-519C-446E-B65C-AC04C9C78843}]]></GPOGuid><GPODomain><![CDATA[security.local]]></GPODomain><GPODomainGuid><![CDATA[{2b127034-e676-4f54-b03a-e700e3004cb0}]]></GPODomainGuid><GPODomainController><![CDATA[GPOSrv2016.security.local]]></GPODomainController><BackupTime><![CDATA[2020-07-10T16:27:39]]></BackupTime><ID><![CDATA[{A5605133-8D45-4A50-AD52-7BA92A49ADA0}]]></ID><Comment><![CDATA[]]></Comment><GPODisplayName><![CDATA[DoD Office 2019-Office 365 Pro Plus STIG User v1r2]]></GPODisplayName></BackupInst>
