<BackupInst xmlns="http://www.microsoft.com/GroupPolicy/GPOOperations/Manifest"><GPOGuid><![CDATA[{93D620EB-E5F9-41DC-B7D1-537202F3103E}]]></GPOGuid><GPODomain><![CDATA[security.local]]></GPODomain><GPODomainGuid><![CDATA[{2b127034-e676-4f54-b03a-e700e3004cb0}]]></GPODomainGuid><GPODomainController><![CDATA[GPOSrv2016.security.local]]></GPODomainController><BackupTime><![CDATA[2020-07-10T16:32:55]]></BackupTime><ID><![CDATA[{FD809CE7-C3F4-49D1-9D46-51D8BD9A8A97}]]></ID><Comment><![CDATA[]]></Comment><GPODisplayName><![CDATA[DoD Windows Server 2016 Domain Controller STIG User v1r11]]></GPODisplayName></BackupInst>
