<BackupInst xmlns="http://www.microsoft.com/GroupPolicy/GPOOperations/Manifest"><GPOGuid><![CDATA[{59100A48-4801-4B0E-9A61-75919C49F3A3}]]></GPOGuid><GPODomain><![CDATA[security.local]]></GPODomain><GPODomainGuid><![CDATA[{2b127034-e676-4f54-b03a-e700e3004cb0}]]></GPODomainGuid><GPODomainController><![CDATA[GPOSrv2016.security.local]]></GPODomainController><BackupTime><![CDATA[2020-07-10T16:29:37]]></BackupTime><ID><![CDATA[{C766CB25-E3C2-4AF1-BFC4-CFD7030A7C2D}]]></ID><Comment><![CDATA[]]></Comment><GPODisplayName><![CDATA[DoD Outlook 2013 STIG User v1r13]]></GPODisplayName></BackupInst>
