<BackupInst xmlns="http://www.microsoft.com/GroupPolicy/GPOOperations/Manifest"><GPOGuid><![CDATA[{15E0D218-9BBB-46DA-B908-95CA9301FC48}]]></GPOGuid><GPODomain><![CDATA[security.local]]></GPODomain><GPODomainGuid><![CDATA[{2b127034-e676-4f54-b03a-e700e3004cb0}]]></GPODomainGuid><GPODomainController><![CDATA[GPOSrv2016.security.local]]></GPODomainController><BackupTime><![CDATA[2020-07-10T16:29:29]]></BackupTime><ID><![CDATA[{593144FB-71A0-4DA0-B25B-C655A383184B}]]></ID><Comment><![CDATA[]]></Comment><GPODisplayName><![CDATA[DoD Windows Server 2012 R2 Member Server STIG Computer v2r18]]></GPODisplayName></BackupInst>
