<BackupInst xmlns="http://www.microsoft.com/GroupPolicy/GPOOperations/Manifest"><GPOGuid><![CDATA[{CB25F9C1-7538-4C1D-8B0A-570AD275DD4A}]]></GPOGuid><GPODomain><![CDATA[security.local]]></GPODomain><GPODomainGuid><![CDATA[{2b127034-e676-4f54-b03a-e700e3004cb0}]]></GPODomainGuid><GPODomainController><![CDATA[GPOSrv2016.security.local]]></GPODomainController><BackupTime><![CDATA[2020-07-10T16:29:39]]></BackupTime><ID><![CDATA[{50FF8427-D983-4CCE-BF7D-E40261A8CA34}]]></ID><Comment><![CDATA[]]></Comment><GPODisplayName><![CDATA[DoD Visio 2013 STIG User v1r4]]></GPODisplayName></BackupInst>
