<BackupInst xmlns="http://www.microsoft.com/GroupPolicy/GPOOperations/Manifest"><GPOGuid><![CDATA[{51BD353C-D3A9-49B0-8F73-2D67D2348F6F}]]></GPOGuid><GPODomain><![CDATA[security.local]]></GPODomain><GPODomainGuid><![CDATA[{2b127034-e676-4f54-b03a-e700e3004cb0}]]></GPODomainGuid><GPODomainController><![CDATA[GPOSrv2016.security.local]]></GPODomainController><BackupTime><![CDATA[2020-07-10T16:31:03]]></BackupTime><ID><![CDATA[{863DDE99-60E2-4A00-841A-CBE3301B8DA6}]]></ID><Comment><![CDATA[]]></Comment><GPODisplayName><![CDATA[DoD Google Chrome STIG Computer v1r19]]></GPODisplayName></BackupInst>
