<BackupInst xmlns="http://www.microsoft.com/GroupPolicy/GPOOperations/Manifest"><GPOGuid><![CDATA[{E15E1D32-852E-4C13-99EF-71FBE7721C2D}]]></GPOGuid><GPODomain><![CDATA[security.local]]></GPODomain><GPODomainGuid><![CDATA[{2b127034-e676-4f54-b03a-e700e3004cb0}]]></GPODomainGuid><GPODomainController><![CDATA[GPOSrv2016.security.local]]></GPODomainController><BackupTime><![CDATA[2020-07-10T16:27:38]]></BackupTime><ID><![CDATA[{A78C9429-DB06-48D5-812D-ECAE0AFE9BE7}]]></ID><Comment><![CDATA[]]></Comment><GPODisplayName><![CDATA[DoD Office 2019-Office 365 Pro Plus STIG Computer v1r2]]></GPODisplayName></BackupInst>
